{"mean": 0.2157672566603607, "median": 0.21620172184026612, "min": 0.206314161349275, "max": 0.22260916729875732, "_timestamp": 1706621098.5937057, "_runtime": 42.71627473831177, "_step": 10, "_wandb": {"runtime": 41}}